<beans xmlns="http://www.springframework.org/schema/beans" 
       xmlns:xsi="http://www.w3.org/2001/XMLSchema-instance" 
       xmlns:p="http://www.springframework.org/schema/p"
       xsi:schemaLocation="http://www.springframework.org/schema/beans
       http://www.springframework.org/schema/beans/spring-beans-4.0.xsd"
       > 

<bean id="custObj" class="com.spring.app.Customer">
<constructor-arg name="custId" value="221"></constructor-arg>
  <constructor-arg name="custName" value="Ajey"></constructor-arg>
   <constructor-arg name="emailId" value="abc@gmail.com"></constructor-arg>
      <constructor-arg name="contactNo" value="8770607642"></constructor-arg>
<!--  name="customer" p:custId="221" p:custName="Ajey" p:emailId="abc@gmail.com" p:contactNo="8770607642"/> -->
</bean>
  
<bean id="mb" class="com.spring.app.MemberShip"><!--  name="membership" p:membershipId="123" p:membershipType="prime" p:visitsPerYear="62">-->  
 <constructor-arg name="membershipId" value="123"></constructor-arg>
<constructor-arg name="membershipType" value="prime"></constructor-arg>

<constructor-arg name="visitsPerYear" value="62"></constructor-arg> 


  <constructor-arg ref="custObj"></constructor-arg>
  </bean>
</beans>
