<beans xmlns="http://www.springframework.org/schema/beans" 
       xmlns:xsi="http://www.w3.org/2001/XMLSchema-instance" 
       xmlns:p="http://www.springframework.org/schema/p"
       xsi:schemaLocation="http://www.springframework.org/schema/beans
       http://www.springframework.org/schema/beans/spring-beans-4.0.xsd"
       > 

<bean id="add" class="com.cts.product.Mam2.Address">
<constructor-arg  value="221"></constructor-arg>
  <constructor-arg  value="GandhiMarg"></constructor-arg>
   <constructor-arg  value="Patna"></constructor-arg>
      <constructor-arg  value="841301"></constructor-arg>
</bean>
  
<bean id="std" class="com.cts.product.Mam2.Student"> 
 <constructor-arg  value="123"></constructor-arg>

<constructor-arg  value="Shubham"></constructor-arg> 
<constructor-arg value="22"></constructor-arg>
<constructor-arg  value="9162727856"></constructor-arg> 
<constructor-arg>
<ref bean="add"/>
</constructor-arg> 
</bean>
</beans>
