<beans xmlns="http://www.springframework.org/schema/beans"
xmlns:xsi="http://www.w3.org/2001/XMLSchema-instance" 
xsi:schemaLocation="http://www.springframework.org/schema/beans
http://www.springframework.org/schema/beans/spring-beans-4.0.xsd">
    
    <bean id ="member" class="com.spring.app.MemberShip">
    <constructor-arg value="12"/>>
    <constructor-arg value="gftbhfg"/>
    <constructor-arg value="20"/>
    <constructor-arg ref="custObj"/>
    </bean>
    <bean id="custObj" class="com.spring.app.Customer">
    <constructor-arg value="22"/>
    <constructor-arg value="deepali"/>
    <constructor-arg value="deppali@gmail.com"/>
    <constructor-arg value="6345834"/>
    </bean>
</beans>