<beans xmlns="http://www.springframework.org/schema/beans" 
       xmlns:xsi="http://www.w3.org/2001/XMLSchema-instance" 
       xmlns:p="http://www.springframework.org/schema/p"
       xsi:schemaLocation="http://www.springframework.org/schema/beans
       http://www.springframework.org/schema/beans/spring-beans-4.0.xsd">
       
<bean id="bk" class="com.cts.product.Mam3.Book" autowire="constructor">
<property name="title" value="HarryPotter"></property>
<property name="isbnNo" value="121"></property>
<property name="price" value="1000"></property>
</bean>

<bean id="a" class="com.cts.product.Mam3.Author">
<property name="first_name" value="Shubham"></property>
<property name="last_name" value="Srivastava"></property>
<property name="age" value="21"></property>
<property name="phoneNo" value="8518885538"></property>
<property name="address" value="Bhopal"></property>
</bean>
</beans>
